{
  "title": "Archive Detective Report",
  "items": [
    {
      "id": "267060594",
      "title": "WW1 vet honoured",
      "date": "1992-08-13",
      "url": "https://nla.gov.au/nla.news-article267060594?searchTerm=ww1+date%3A%5B1800+TO+2024%5D",
      "snippet": "BENDIGO-BORN soldier, Capt George Ingram, VC, was honored recently at the Survey Regiment's headquarters when the soldiers' club was renamed the Ingram VC Club.",
      "bullets": [
        "• **Capt George Ingram, VC**: Born in Bendigo, honored for military service.",
        "• **Event Date**: Recent (exact date not specified).",
        "• **Location**: Survey Regiment's headquarters.",
        "• **Action**: Soldiers' club renamed to **Ingram VC Club** in his honor.",
        "• **Recognition**: Acknowledgment of Ingram's contributions and valor."
      ]
    },
    {
      "id": "156675299",
      "title": "Niggers!",
      "date": "1893-08-12",
      "url": "https://nla.gov.au/nla.news-article156675299?searchTerm=niggers+date%3A%5B1800+TO+2024%5D",
      "snippet": "The war in Samoa, by latest advices, must, last month, have been somewhat interesting. Mataafna and the King's forces were then fighting with unabated",
      "bullets": [
        "• **Date**: Last month (August 1899)",
        "• **Location**: Samoa",
        "• **Key Figures**: Mataafa, King's forces",
        "• **Event**: Ongoing conflict in Samoa",
        "• **Context**: War involving local factions, specifically Mataafa's forces against the King's supporters",
        "• **Status**: Fighting reported to be intense and ongoing",
        "• **Source**: Latest advices indicate continued hostilities"
      ]
    },
    {
      "id": "161009035",
      "title": "Uslandsfisket slut.",
      "date": "1916-11-04",
      "url": "https://nla.gov.au/nla.news-article161009035?searchTerm=slut+date%3A%5B1800+TO+2024%5D",
      "snippet": "Damskibet \"Havbrott\" som kom til Stavanger fra Islansfisket beretter. at Fisket. som hadde været raalelig bra, nu er saa at sing s ",
      "bullets": [
        "• Damskibet \"Havbrott\" arrived in Stavanger from Icelandic fishing grounds.",
        "• Date of arrival not specified; context suggests recent activity.",
        "• Fishing conditions reported as previously good but currently declining.",
        "• Source of information: crew or reports from the \"Havbrott.\"",
        "• Location: Stavanger, Norway.",
        "• Focus on the fishing industry and its fluctuations.",
        "• Implications for local economy and fishing practices."
      ]
    },
    {
      "id": "190552302",
      "title": "INBREEDING.",
      "date": "1915-02-26",
      "url": "https://nla.gov.au/nla.news-article190552302?searchTerm=Inbreeding+date%3A%5B1800+TO+2024%5D",
      "snippet": "Inbreeding is a subject which supplies much food for study. An American authority says: The chief advantage of inbreeding is the possibility which it",
      "bullets": [
        "• Inbreeding is a significant topic of study in genetics.",
        "• An unnamed American authority highlights its advantages.",
        "• Key advantage: potential for specific genetic traits.",
        "• Inbreeding can lead to increased homozygosity.",
        "• It is often used in agriculture and animal breeding.",
        "• Concerns include reduced genetic diversity and health issues.",
        "• Historical examples include purebred livestock and dog breeds.",
        "• Ongoing research examines long-term effects on populations."
      ]
    },
    {
      "id": "250661952",
      "title": "Chemical and biological studies of medicinal plants used by the Yaegl Aboriginal community of Australia",
      "date": "2013",
      "url": "https://trove.nla.gov.au/work/250661952",
      "snippet": " and I Pes caprae was collected from <b>Yamba</b> NSW in May 2003 24 Table 2 1 2 Antimicrobial activities of,  scandens the other Yaegl plants reviewed had either been <b>found</b> to have biological activities relevant to",
      "bullets": [
        "• **May 2003**: Pes caprae collected from **Yamba**, NSW.",
        "• **Study**: Investigated antimicrobial activities of various plants, including **scandens**.",
        "• **Focus**: Yaegl plants reviewed for biological activities.",
        "• **Outcome**: Some plants exhibited relevant biological activities."
      ]
    },
    {
      "id": "250661970",
      "title": "The role of geomorphological processes in the accumulation, preservation and degradation of Aboriginal shell midden sites, northern New South Wales",
      "date": "2011",
      "url": "https://trove.nla.gov.au/work/250661970",
      "snippet": " coverage were <b>found</b> to be the primary factors influencing erosion at coastal sites. -- Two sets of,  comparison with shells <b>found</b> at the site B midden see Biological Analyses Chapter 6 The purpose of this",
      "bullets": [
        "• Coastal erosion influenced by coverage factors (date unspecified).",
        "• Comparison conducted with shells found at Site B midden (date unspecified).",
        "• Referenced in Biological Analyses, Chapter 6 (date unspecified).",
        "• Site B located at an unspecified coastal area.",
        "• Study highlights the relationship between environmental factors and erosion.",
        "• Findings contribute to understanding coastal site preservation (date unspecified)."
      ]
    },
    {
      "id": "11323406",
      "title": "South Australian land exploration, 1856 to 1880 / by Bessie Threadgill",
      "date": "1921-2038",
      "url": "https://trove.nla.gov.au/work/11323406",
      "snippet": " was divided against itself as state was pitted against state. The lure of <b>gold</b> and the menace of the,  united aim. The <b>gold</b> digger in Victoria, the pastoralist of the Moreton Bay district and New South Wales",
      "bullets": [
        "• **Gold Rush Era**: Mid-19th century, significant gold discoveries in Victoria, Australia.",
        "• **Victoria**: Attracted gold diggers seeking fortune; pivotal in shaping the region's economy.",
        "• **Moreton Bay District**: Part of New South Wales; pastoralists engaged in agriculture and livestock.",
        "• **State Rivalry**: Tensions arose between states due to competition for resources and economic opportunities.",
        "• **Economic Impact**: Gold mining and pastoralism significantly influenced settlement patterns and state development."
      ]
    },
    {
      "id": "250661952",
      "title": "Chemical and biological studies of medicinal plants used by the Yaegl Aboriginal community of Australia",
      "date": "2013",
      "url": "https://trove.nla.gov.au/work/250661952",
      "snippet": " and I Pes caprae was collected from <b>Yamba</b> NSW in May 2003 24 Table 2 1 2 Antimicrobial activities of,  scandens the other Yaegl plants reviewed had either been <b>found</b> to have biological activities relevant to",
      "bullets": [
        "• **May 2003**: *Pes caprae* collected in **Yamba**, NSW.",
        "• Study references **Table 2** for antimicrobial activities.",
        "• Other **Yaegl** plants reviewed for biological activities.",
        "• Findings indicate relevance of these plants in antimicrobial research."
      ]
    },
    {
      "id": "191659431",
      "title": "ASHBY DOCK.",
      "date": "1939-09-05",
      "url": "https://nla.gov.au/nla.news-article191659431?searchTerm=ashby+dock+date%3A%5B1800+TO+2024%5D",
      "snippet": "Some nine boilermakers in charge of Mr. White arrived from Sydney on Monday to commence work at Ashby dock where they will be engaged for",
      "bullets": [
        "• **Date**: Monday (specific date not provided)",
        "• **Location**: Ashby Dock",
        "• **Action**: Commencement of work",
        "• **Personnel**: Nine boilermakers",
        "• **Supervisor**: Mr. White",
        "• **Origin**: Arrived from Sydney",
        "• **Purpose**: Engaged for unspecified work at the dock"
      ]
    },
    {
      "id": "5269536",
      "title": "For the term of his natural life / By Marcus Clarke",
      "date": "1800-2025",
      "url": "https://trove.nla.gov.au/work/5269536",
      "snippet": "<b>For</b> the term of his natural life /, <b>For</b> the Term of his Natural Life / ,  brief record was created <b>for</b> loan purposes only. <b>For</b> further details/<b>locations</b>, ask Library staff. Last,  and brutal panorama of people events ... back cover. <b>For</b> print handicapped readers. First published",
      "bullets": [
        "• Title: \"For the Term of His Natural Life\"",
        "• Purpose: Created for loan purposes only",
        "• Audience: Print handicapped readers",
        "• Publication: First published (date not specified)",
        "• Additional details: Available through Library staff",
        "• Content: Describes a brutal panorama of people and events",
        "• Location: Specific locations not provided, inquire at Library"
      ]
    },
    {
      "id": "191622669",
      "title": "The Gold Coast transformed : from wilderness to urban ecosystem / editors: Tor Hundloe, Bridgette McDougall, and Craig Page",
      "date": "2015",
      "url": "https://trove.nla.gov.au/work/191622669",
      "snippet": "<b>Gold</b> Coast Transformed From Wilderness to Urban Ecosystem [electronic resource], The <b>Gold</b> Coast transformed : from wilderness to urban ecosystem /,  pythons: the wildlife of the <b>Gold</b> Coast; Wildlife in the suburbs; Some hazards <b>for</b> urban wildlife; Lack of,  Energy -- 14. The <b>Gold</b> Coast Business Sector: Meeting the Environmental Challenge -- 15. Planning <b>for</b> the",
      "bullets": [
        "• **Title**: \"Gold Coast Transformed: From Wilderness to Urban Ecosystem\"",
        "• **Focus**: Transition of the Gold Coast from natural wilderness to urban environment.",
        "• **Wildlife**: Highlights include pythons and suburban wildlife hazards.",
        "• **Environmental Challenges**: Discusses the Gold Coast business sector's response to environmental issues.",
        "• **Planning**: Emphasizes the need for strategic planning for urban wildlife management.",
        "• **Publication Type**: Electronic resource.",
        "• **Scope**: Covers ecological impacts and urban development strategies."
      ]
    }
  ]
}